Datetime,ความชื้นภายนอก,ความชื้นภายใน,อุณหภูมิภายนอก,อุณหภูมิภายใน,TAN (mg/L),NH3 (mg/L),ความเข้มแสงภายนอก,ความเข้มแสงภายใน
2023-03-01 00:00:00,71.3,82.74,22.95,21.84,1.9,0.0,0.96,176.3
2023-03-01 01:00:00,69.91,85.32,24.45,23.79,1.0,0.0,0.72,180.14
2023-03-01 02:00:00,79.86,78.49,23.48,22.83,1.1,0.0,0.58,164.5
2023-03-01 03:00:00,80.79,77.61,23.37,22.8,1.3,0.0,0.51,263.42
2023-03-01 04:00:00,73.25,82.63,22.7,21.7,1.4,0.0,0.41,249.74
2023-03-01 05:00:00,79.21,76.51,23.79,23.04,0.8,0.0,8.16,289.08
2023-03-01 06:00:00,62.34,84.33,22.16,21.0,0.7,0.0,10866.05,760.25
2023-03-01 07:00:00,62.8,82.45,26.02,25.41,1.1,0.0,8810.4,877.73
2023-03-01 08:00:00,65.62,83.36,27.67,26.55,0.8,0.0,28175.02,2169.42
2023-03-01 09:00:00,62.28,84.99,30.64,30.13,1.3,0.0,26050.83,1981.11
2023-03-01 10:00:00,64.1,85.0,32.43,28.88,1.8,0.0,20589.64,1121.23
2023-03-01 11:00:00,47.49,90.0,34.68,28.08,0.7,0.0,52658.11,4481.66
2023-03-01 12:00:00,43.45,88.13,32.92,28.63,0.6,0.0,54782.03,6096.21
2023-03-01 13:00:00,51.83,88.93,32.76,29.04,1.6,0.0,51262.34,4175.13
2023-03-01 14:00:00,48.36,90.0,32.95,29.36,0.9,0.0,19546.93,1234.5
2023-03-01 15:00:00,46.44,88.82,35.24,28.31,1.1,0.0,20402.05,1109.51
2023-03-01 16:00:00,51.14,88.27,31.62,28.02,1.9,0.0,29054.37,2257.24
2023-03-01 17:00:00,62.88,82.65,27.31,26.67,0.6,0.0,6527.62,286.03
2023-03-01 18:00:00,54.85,89.04,26.68,26.05,1.1,0.0,2.29,0.13
2023-03-01 19:00:00,73.93,83.35,28.59,27.71,0.7,0.0,2.63,287.91
2023-03-01 20:00:00,68.85,81.64,28.31,27.17,2.0,0.0,2.54,298.82
2023-03-01 21:00:00,68.37,83.95,22.09,21.13,1.2,0.0,4.27,181.28
2023-03-01 22:00:00,67.31,83.3,23.2,22.04,0.8,0.0,4.66,167.45
2023-03-01 23:00:00,69.67,82.66,21.46,21.0,1.5,0.0,4.11,207.09
2023-03-02 00:00:00,68.98,82.89,22.98,21.6,1.4,0.0,0.89,280.21
2023-03-02 01:00:00,61.03,81.86,23.68,22.54,0.9,0.0,0.83,268.5
2023-03-02 02:00:00,71.59,80.61,22.85,21.42,1.5,0.0,0.37,162.14
2023-03-02 03:00:00,67.62,81.92,23.45,22.05,0.5,0.0,0.46,176.03
2023-03-02 04:00:00,68.47,85.22,23.83,22.46,1.1,0.0,0.73,201.91
2023-03-02 05:00:00,70.33,84.75,22.33,21.45,1.2,0.0,9.78,246.15
2023-03-02 06:00:00,65.29,83.38,22.89,21.54,0.8,0.0,25562.01,1447.48
2023-03-02 07:00:00,61.89,83.24,26.39,25.59,0.9,0.0,26550.36,2552.49
2023-03-02 08:00:00,58.79,88.62,27.03,26.16,1.9,0.0,17176.55,1379.49
2023-03-02 09:00:00,65.17,82.79,30.06,28.58,0.6,0.0,24120.25,1416.87
2023-03-02 10:00:00,60.58,81.23,31.77,27.89,0.9,0.0,17564.15,1228.32
2023-03-02 11:00:00,44.83,87.83,34.76,28.34,1.0,0.0,34391.22,3256.9
2023-03-02 12:00:00,42.46,89.1,35.28,27.88,1.1,0.0,32045.17,2596.7
2023-03-02 13:00:00,46.88,87.24,35.38,27.81,1.7,0.0,34054.99,4036.35
2023-03-02 14:00:00,44.56,87.81,35.96,27.36,1.0,0.0,23242.94,2284.57
2023-03-02 15:00:00,45.81,86.26,32.63,27.13,0.7,0.0,21487.47,1409.38
2023-03-02 16:00:00,69.95,82.0,29.79,26.86,0.7,0.0,22592.13,1626.08
2023-03-02 17:00:00,65.38,82.7,27.93,27.15,0.8,0.0,5528.32,323.13
2023-03-02 18:00:00,55.0,89.29,24.21,23.55,1.7,0.0,1.16,0.07
2023-03-02 19:00:00,75.21,77.05,26.71,25.9,1.2,0.0,3.29,172.8
2023-03-02 20:00:00,77.27,76.99,27.12,26.28,1.9,0.0,0.4,267.11
2023-03-02 21:00:00,75.25,79.14,24.73,24.37,0.8,0.0,2.35,158.72
2023-03-02 22:00:00,60.23,81.67,21.97,21.0,1.7,0.0,4.97,158.67
2023-03-02 23:00:00,82.28,77.44,23.16,22.1,1.4,0.0,3.51,297.55
2023-03-03 00:00:00,74.35,84.77,24.18,23.13,1.8,0.0,0.32,171.34
2023-03-03 01:00:00,73.62,82.61,22.41,21.23,1.4,0.0,0.21,195.49
2023-03-03 02:00:00,70.12,86.52,21.84,21.22,0.7,0.0,0.19,253.82
2023-03-03 03:00:00,77.93,78.65,23.37,22.82,1.2,0.0,0.16,226.41
2023-03-03 04:00:00,71.7,83.92,24.21,23.33,1.0,0.0,1.0,272.1
2023-03-03 05:00:00,75.54,77.04,23.53,22.22,1.1,0.0,6.54,195.94
2023-03-03 06:00:00,52.52,87.04,22.18,21.19,0.8,0.0,20597.4,1572.65
2023-03-03 07:00:00,55.64,84.89,26.97,26.41,1.1,0.0,15652.08,884.9
2023-03-03 08:00:00,57.99,88.59,28.03,27.43,1.4,0.0,27165.11,1969.18
2023-03-03 09:00:00,56.44,88.26,29.98,29.31,0.8,0.0,9865.56,674.69
2023-03-03 10:00:00,63.89,82.05,32.85,27.57,0.6,0.0,15353.24,1402.93
2023-03-03 11:00:00,46.6,87.23,36.09,27.26,1.9,0.0,52008.43,5761.09
2023-03-03 12:00:00,46.45,89.0,34.17,27.97,2.0,0.0,30330.94,2931.37
2023-03-03 13:00:00,42.43,88.53,34.14,27.23,1.6,0.0,44440.32,3589.34
2023-03-03 14:00:00,49.16,85.76,33.8,28.18,1.7,0.0,18897.2,1663.23
2023-03-03 15:00:00,45.47,89.06,36.02,27.41,1.8,0.0,17056.65,1309.36
2023-03-03 16:00:00,63.04,81.73,29.24,27.77,1.2,0.0,18228.03,922.45
2023-03-03 17:00:00,62.36,83.73,28.83,28.29,1.3,0.0,6206.01,487.5
2023-03-03 18:00:00,64.2,81.05,27.27,26.52,0.8,0.0,4.03,0.31
2023-03-03 19:00:00,77.54,75.0,27.84,27.08,1.6,0.0,2.49,166.46
2023-03-03 20:00:00,79.21,76.75,27.54,26.67,1.6,0.0,2.79,218.16
2023-03-03 21:00:00,74.71,83.19,23.88,22.74,1.9,0.0,4.24,164.71
2023-03-03 22:00:00,72.75,82.08,24.12,23.17,1.3,0.0,2.49,172.51
2023-03-03 23:00:00,69.18,83.94,21.72,21.07,0.8,0.0,1.69,260.6
2023-03-04 00:00:00,78.31,78.67,21.86,21.19,1.7,0.0,0.53,206.38
2023-03-04 01:00:00,68.36,80.55,23.63,22.99,0.8,0.0,0.46,218.92
2023-03-04 02:00:00,73.83,83.13,22.6,21.29,1.3,0.0,0.81,283.81
2023-03-04 03:00:00,70.55,83.72,23.26,21.83,1.2,0.0,0.96,268.04
2023-03-04 04:00:00,70.58,83.25,22.0,21.28,0.7,0.0,0.38,253.22
2023-03-04 05:00:00,73.61,83.48,22.95,22.15,0.7,0.0,4.94,188.2
2023-03-04 06:00:00,62.87,82.97,22.55,21.5,1.4,0.0,26021.79,1351.09
2023-03-04 07:00:00,66.58,82.03,25.0,24.28,1.6,0.0,27544.05,2012.75
2023-03-04 08:00:00,62.92,83.67,28.08,26.86,1.1,0.0,20930.04,1736.52
2023-03-04 09:00:00,61.01,80.99,30.13,29.02,0.7,0.0,27377.94,2240.43
2023-03-04 10:00:00,57.2,88.88,32.1,27.53,1.6,0.0,20348.34,1085.23
2023-03-04 11:00:00,43.75,88.04,34.04,28.05,1.6,0.0,45552.24,3917.8
2023-03-04 12:00:00,44.32,90.0,34.26,29.01,1.8,0.0,52123.01,5237.78
2023-03-04 13:00:00,42.0,87.61,32.01,28.44,1.8,0.0,50406.83,4116.57
2023-03-04 14:00:00,41.72,88.28,35.78,28.44,0.6,0.0,16271.88,1396.39
2023-03-04 15:00:00,43.89,87.95,35.85,28.23,0.7,0.0,16081.27,861.36
2023-03-04 16:00:00,58.71,89.53,30.83,29.08,2.0,0.0,15181.63,1485.14
2023-03-04 17:00:00,59.83,86.39,27.43,26.85,0.9,0.0,8687.54,357.88
2023-03-04 18:00:00,57.29,85.87,26.8,25.91,1.0,0.0,1.55,0.06
2023-03-04 19:00:00,67.71,81.79,29.25,28.16,0.5,0.0,3.9,249.21
2023-03-04 20:00:00,71.76,84.52,27.79,27.01,1.9,0.0,1.01,176.12
2023-03-04 21:00:00,72.75,83.38,22.64,21.73,1.0,0.0,0.58,249.05
2023-03-04 22:00:00,69.07,83.24,22.91,21.74,1.7,0.0,3.85,189.76
2023-03-04 23:00:00,73.94,82.65,22.79,21.97,1.9,0.0,0.2,162.33
2023-03-05 00:00:00,69.39,83.46,24.16,23.09,1.8,0.0,0.97,194.32
2023-03-05 01:00:00,64.85,82.63,22.78,21.29,1.8,0.0,0.79,243.7
2023-03-05 02:00:00,69.98,81.48,22.78,22.18,1.8,0.0,0.44,180.85
2023-03-05 03:00:00,72.93,83.65,23.06,21.61,1.3,0.0,0.21,242.25
2023-03-05 04:00:00,71.59,84.17,22.63,21.78,1.9,0.0,0.8,246.59
2023-03-05 05:00:00,76.66,77.55,23.33,22.58,1.5,0.0,5.77,156.29
2023-03-05 06:00:00,68.45,81.3,21.81,21.0,1.8,0.0,29212.22,2627.22
2023-03-05 07:00:00,62.24,83.4,26.17,25.33,0.9,0.0,12320.55,1219.72
2023-03-05 08:00:00,60.88,82.43,27.96,27.01,1.4,0.0,20047.04,1586.14
2023-03-05 09:00:00,55.93,86.77,31.14,29.65,0.7,0.0,23701.83,2147.11
2023-03-05 10:00:00,62.45,83.76,31.54,28.09,1.7,0.0,21411.97,1207.74
2023-03-05 11:00:00,46.78,88.09,33.06,28.05,0.9,0.0,40148.03,4702.27
2023-03-05 12:00:00,44.3,86.05,34.03,27.05,1.7,0.0,36738.47,3485.99
2023-03-05 13:00:00,47.1,89.62,34.47,28.92,0.8,0.0,42962.31,4192.1
2023-03-05 14:00:00,51.55,89.22,34.75,27.9,1.2,0.0,24194.09,2350.55
2023-03-05 15:00:00,45.02,88.41,32.88,27.25,1.1,0.0,18610.39,1043.58
2023-03-05 16:00:00,58.72,90.0,29.5,28.22,1.4,0.0,17962.06,1694.65
2023-03-05 17:00:00,60.13,84.21,28.55,27.43,1.0,0.0,8229.05,305.75
2023-03-05 18:00:00,58.9,89.31,25.74,24.85,1.6,0.0,4.1,0.29
2023-03-05 19:00:00,70.75,85.64,29.03,27.85,1.1,0.0,4.25,287.84
2023-03-05 20:00:00,69.86,83.75,27.23,26.08,0.8,0.0,1.34,263.26
2023-03-05 21:00:00,70.89,80.13,22.92,22.32,1.5,0.0,2.36,276.3
2023-03-05 22:00:00,74.42,83.94,22.82,22.06,1.9,0.0,3.67,266.47
2023-03-05 23:00:00,68.31,82.53,20.56,21.0,1.6,0.0,3.32,176.61
2023-03-06 00:00:00,74.11,83.07,22.85,22.33,0.9,0.0,0.59,297.7
2023-03-06 01:00:00,69.46,84.04,22.48,21.36,0.9,0.0,0.94,156.48
2023-03-06 02:00:00,70.65,82.71,23.13,22.35,0.8,0.0,0.25,169.76
2023-03-06 03:00:00,68.86,82.34,23.05,21.59,1.9,0.0,0.75,272.67
2023-03-06 04:00:00,78.72,77.56,22.86,21.57,0.8,0.0,0.29,225.88
2023-03-06 05:00:00,70.8,83.69,21.56,21.0,0.9,0.0,8.57,259.92
2023-03-06 06:00:00,51.96,89.6,22.15,21.35,0.6,0.0,18555.93,1475.52
2023-03-06 07:00:00,61.8,82.78,25.87,24.43,1.2,0.0,17709.01,1148.92
2023-03-06 08:00:00,57.92,87.98,28.02,27.18,1.2,0.0,19125.55,1615.04
2023-03-06 09:00:00,53.56,86.27,30.19,28.73,0.5,0.0,26833.07,2195.34
2023-03-06 10:00:00,52.34,88.35,32.01,28.55,1.7,0.0,24028.04,1393.71
2023-03-06 11:00:00,46.89,89.14,34.69,27.58,0.6,0.0,43846.72,3524.1
2023-03-06 12:00:00,48.79,87.26,33.05,27.26,0.8,0.0,37400.37,4078.83
2023-03-06 13:00:00,51.09,88.97,33.45,28.57,2.0,0.0,59754.3,5017.4
2023-03-06 14:00:00,49.92,86.53,33.3,27.17,1.5,0.0,21022.41,1892.09
2023-03-06 15:00:00,46.35,86.62,33.68,27.96,1.3,0.0,18060.53,1404.28
2023-03-06 16:00:00,55.59,88.86,28.8,27.73,0.9,0.0,25996.07,2100.46
2023-03-06 17:00:00,61.83,82.84,28.03,27.1,0.6,0.0,5940.12,245.46
2023-03-06 18:00:00,57.88,87.24,27.39,26.96,1.5,0.0,3.94,0.21
2023-03-06 19:00:00,77.01,76.92,28.44,27.26,1.8,0.0,0.13,264.15
2023-03-06 20:00:00,71.64,82.4,27.04,25.84,1.1,0.0,0.27,261.86
2023-03-06 21:00:00,74.39,82.75,23.18,22.67,1.6,0.0,1.09,293.71
2023-03-06 22:00:00,66.76,85.08,22.07,21.0,0.9,0.0,1.9,199.04
2023-03-06 23:00:00,77.83,76.6,23.47,23.12,1.0,0.0,0.83,195.84
2023-03-07 00:00:00,77.82,78.97,23.7,22.63,1.8,0.0,0.89,299.45
2023-03-07 01:00:00,72.84,83.62,21.57,21.0,0.5,0.0,0.43,217.29
2023-03-07 02:00:00,67.02,81.45,23.28,22.41,0.6,0.0,0.75,282.93
2023-03-07 03:00:00,68.8,83.15,22.54,21.6,1.5,0.0,0.63,208.73
2023-03-07 04:00:00,79.97,76.39,23.78,23.2,2.0,0.0,0.47,254.34
2023-03-07 05:00:00,75.86,80.43,22.44,21.3,1.3,0.0,1.03,242.94
2023-03-07 06:00:00,65.96,84.13,23.82,23.11,1.3,0.0,13887.33,1245.83
2023-03-07 07:00:00,54.87,88.16,25.39,24.33,1.1,0.0,7324.77,581.66
2023-03-07 08:00:00,69.88,83.83,28.82,27.44,0.9,0.0,17024.32,1397.97
2023-03-07 09:00:00,45.81,88.91,30.07,28.59,1.0,0.0,6621.34,523.08
2023-03-07 10:00:00,62.25,84.86,31.82,27.95,0.9,0.0,19037.11,1485.52
2023-03-07 11:00:00,47.64,87.68,34.11,28.75,1.9,0.0,48104.63,5150.02
2023-03-07 12:00:00,53.08,88.88,32.85,27.63,1.2,0.0,54149.67,4916.4
2023-03-07 13:00:00,49.71,88.38,32.71,27.89,1.3,0.0,54751.48,5471.33
2023-03-07 14:00:00,48.81,87.14,33.06,27.17,1.4,0.0,16155.87,855.09
2023-03-07 15:00:00,43.91,88.46,33.55,28.82,0.9,0.0,20013.57,1786.11
2023-03-07 16:00:00,54.39,86.52,28.52,28.3,1.8,0.0,25615.21,2290.79
2023-03-07 17:00:00,60.76,82.46,29.13,28.79,0.7,0.0,7586.35,352.1
2023-03-07 18:00:00,65.21,84.69,26.97,26.48,0.6,0.0,0.82,0.03
2023-03-07 19:00:00,73.63,84.23,29.68,29.16,0.9,0.0,2.23,163.29
2023-03-07 20:00:00,72.63,81.69,27.99,27.32,1.6,0.0,1.18,239.73
2023-03-07 21:00:00,68.64,83.37,21.55,21.0,0.9,0.0,3.7,299.75
2023-03-07 22:00:00,71.98,84.46,22.23,21.88,1.3,0.0,4.67,246.38
2023-03-07 23:00:00,77.13,77.91,23.57,22.71,1.4,0.0,2.16,245.43
2023-03-08 00:00:00,81.32,77.07,22.99,22.13,1.8,0.0,0.81,167.75
2023-03-08 01:00:00,72.59,84.17,23.88,23.07,1.9,0.0,0.47,275.97
2023-03-08 02:00:00,75.5,76.42,23.08,21.66,1.8,0.0,0.45,235.78
2023-03-08 03:00:00,73.56,80.51,23.12,22.33,1.2,0.0,0.63,177.67
2023-03-08 04:00:00,74.98,85.3,22.91,22.22,1.4,0.0,0.43,200.18
2023-03-08 05:00:00,73.6,84.48,22.87,21.59,0.8,0.0,1.24,153.63
2023-03-08 06:00:00,63.04,81.75,23.59,22.55,1.2,0.0,25792.43,1641.78
2023-03-08 07:00:00,49.88,89.34,25.63,24.5,0.7,0.0,17951.97,1165.73
2023-03-08 08:00:00,62.32,84.39,28.28,27.56,1.6,0.0,28516.98,1795.57
2023-03-08 09:00:00,61.3,80.93,31.21,30.01,1.2,0.0,15741.42,1473.97
2023-03-08 10:00:00,55.2,89.17,31.64,29.08,1.3,0.0,26048.34,1544.8
2023-03-08 11:00:00,43.42,86.57,36.14,27.87,0.6,0.0,54079.3,5317.48
2023-03-08 12:00:00,43.69,88.72,33.96,28.05,1.7,0.0,44489.07,3796.66
2023-03-08 13:00:00,48.0,90.0,31.68,27.79,1.3,0.0,32418.05,3537.38
2023-03-08 14:00:00,49.54,88.75,34.64,27.81,1.6,0.0,22446.92,1612.64
2023-03-08 15:00:00,48.04,88.53,33.94,28.35,1.3,0.0,25942.62,2290.1
2023-03-08 16:00:00,50.67,87.12,30.92,28.56,1.3,0.0,17383.62,1399.58
2023-03-08 17:00:00,62.93,82.35,27.57,27.05,1.8,0.0,5676.77,369.46
2023-03-08 18:00:00,53.58,87.88,25.98,25.16,1.3,0.0,3.32,0.26
2023-03-08 19:00:00,73.64,83.62,28.75,28.15,1.4,0.0,0.44,158.56
2023-03-08 20:00:00,68.72,85.23,28.21,27.36,0.8,0.0,1.48,189.26
2023-03-08 21:00:00,71.6,82.47,23.12,22.13,1.9,0.0,1.31,285.94
2023-03-08 22:00:00,72.01,84.01,23.39,22.78,2.0,0.0,1.32,190.79
2023-03-08 23:00:00,67.03,81.6,22.02,21.64,1.1,0.0,3.82,217.46
2023-03-09 00:00:00,70.15,83.47,21.43,21.0,2.0,0.0,0.8,159.8
2023-03-09 01:00:00,73.13,82.21,22.81,21.77,1.0,0.0,0.54,155.04
2023-03-09 02:00:00,71.3,81.82,22.82,21.66,1.8,0.0,0.16,285.97
2023-03-09 03:00:00,75.3,76.3,22.13,21.0,0.8,0.0,0.23,229.86
2023-03-09 04:00:00,74.71,81.01,23.48,22.03,1.9,0.0,0.47,202.1
2023-03-09 05:00:00,72.56,82.91,22.99,21.75,0.6,0.0,9.1,153.27
2023-03-09 06:00:00,57.38,88.59,23.55,22.45,1.1,0.0,21594.74,2119.95
2023-03-09 07:00:00,62.37,81.61,25.9,25.27,1.3,0.0,19004.2,1840.39
2023-03-09 08:00:00,50.2,87.64,27.9,26.6,1.5,0.0,6306.45,447.38
2023-03-09 09:00:00,57.27,87.77,29.15,27.78,0.9,0.0,11503.94,995.56
2023-03-09 10:00:00,61.28,83.1,32.59,28.52,0.9,0.0,29532.43,1855.42
2023-03-09 11:00:00,53.02,87.49,35.7,27.28,1.0,0.0,49625.24,4363.24
2023-03-09 12:00:00,48.48,88.65,32.83,28.49,0.6,0.0,46959.91,4628.24
2023-03-09 13:00:00,44.82,87.39,34.51,27.91,1.2,0.0,59160.16,6172.84
2023-03-09 14:00:00,45.65,87.66,33.38,28.57,1.9,0.0,20242.6,1127.61
2023-03-09 15:00:00,45.33,88.41,36.17,27.78,0.8,0.0,17268.7,1057.98
2023-03-09 16:00:00,62.6,83.08,29.78,28.49,0.8,0.0,18764.5,1736.29
2023-03-09 17:00:00,63.01,82.05,28.38,27.3,0.8,0.0,7806.11,401.26
2023-03-09 18:00:00,57.85,88.02,26.73,26.22,1.5,0.0,0.66,0.05
2023-03-09 19:00:00,74.92,81.7,27.34,26.37,1.1,0.0,3.64,160.15
2023-03-09 20:00:00,78.75,75.23,27.38,26.51,1.5,0.0,3.57,231.53
2023-03-09 21:00:00,75.87,78.77,22.84,22.03,1.0,0.0,0.5,218.75
2023-03-09 22:00:00,69.44,83.95,24.15,23.45,1.0,0.0,2.48,174.87
2023-03-09 23:00:00,73.03,82.71,22.62,21.76,1.0,0.0,4.73,277.5
2023-03-10 00:00:00,77.55,75.44,24.23,22.98,1.6,0.0,0.7,219.34
2023-03-10 01:00:00,72.38,82.24,23.58,23.05,0.6,0.0,0.47,247.65
2023-03-10 02:00:00,71.88,83.59,22.5,21.15,1.4,0.0,0.59,159.34
2023-03-10 03:00:00,73.25,82.34,23.53,23.0,1.5,0.0,0.56,270.96
2023-03-10 04:00:00,71.38,83.05,22.92,22.13,1.7,0.0,0.51,157.79
2023-03-10 05:00:00,68.22,81.24,22.95,21.69,1.3,0.0,8.08,180.2
2023-03-10 06:00:00,66.37,82.33,23.12,21.79,1.4,0.0,11465.52,667.7
2023-03-10 07:00:00,66.21,84.37,24.68,23.24,0.5,0.0,13255.38,1164.32
2023-03-10 08:00:00,56.1,89.08,28.55,27.7,1.2,0.0,17984.65,1083.47
2023-03-10 09:00:00,54.18,86.61,29.42,28.42,1.2,0.0,26945.75,2532.34
2023-03-10 10:00:00,56.49,87.77,32.28,27.51,1.7,0.0,26764.46,1657.79
2023-03-10 11:00:00,48.6,90.0,31.73,27.45,1.4,0.0,43537.18,5198.32
2023-03-10 12:00:00,45.39,87.82,33.81,27.6,1.6,0.0,53160.37,4310.6
2023-03-10 13:00:00,43.37,87.17,33.5,28.15,1.6,0.0,31956.14,3149.51
2023-03-10 14:00:00,50.56,86.44,35.56,27.08,0.7,0.0,28638.3,2203.29
2023-03-10 15:00:00,44.33,87.04,34.58,27.83,1.2,0.0,22467.19,1241.84
2023-03-10 16:00:00,63.03,82.43,31.31,28.17,0.5,0.0,24851.7,2264.12
2023-03-10 17:00:00,55.52,88.85,29.21,28.76,1.6,0.0,6902.1,459.24
2023-03-10 18:00:00,65.95,82.91,25.98,25.34,1.3,0.0,4.83,0.16
2023-03-10 19:00:00,74.59,81.97,29.04,28.08,1.5,0.0,2.66,193.07
2023-03-10 20:00:00,68.51,82.54,28.07,27.4,1.0,0.0,3.98,236.64
2023-03-10 21:00:00,72.97,82.4,22.32,21.48,1.1,0.0,3.21,269.69
2023-03-10 22:00:00,69.99,83.41,22.62,21.62,1.4,0.0,2.04,287.26
2023-03-10 23:00:00,66.54,84.57,22.94,22.44,1.4,0.0,2.71,173.69
2023-03-11 00:00:00,72.69,84.95,22.5,21.1,0.5,0.0,0.73,268.99
2023-03-11 01:00:00,70.17,84.45,23.02,22.05,1.3,0.0,0.39,278.58
2023-03-11 02:00:00,66.8,82.12,23.85,22.83,0.7,0.0,0.92,191.54
2023-03-11 03:00:00,72.55,82.93,21.95,21.0,1.5,0.0,0.99,171.11
2023-03-11 04:00:00,73.17,84.16,22.14,21.0,1.4,0.0,0.28,177.63
2023-03-11 05:00:00,75.46,78.23,23.53,22.08,1.3,0.0,9.05,248.14
2023-03-11 06:00:00,56.46,87.27,22.79,21.76,0.9,0.0,8802.61,633.93
2023-03-11 07:00:00,58.88,88.52,26.34,25.14,1.5,0.0,20382.45,1104.18
2023-03-11 08:00:00,53.85,89.01,27.68,26.43,1.6,0.0,27060.41,2440.31
2023-03-11 09:00:00,62.77,84.29,29.98,29.45,1.0,0.0,17630.17,1734.04
2023-03-11 10:00:00,59.18,89.85,31.78,29.15,0.8,0.0,15444.02,1532.13
2023-03-11 11:00:00,48.84,86.85,35.4,27.78,0.6,0.0,50037.6,5273.31
2023-03-11 12:00:00,50.93,87.29,34.68,28.44,1.2,0.0,34978.65,4032.24
2023-03-11 13:00:00,47.37,88.01,35.05,27.39,0.6,0.0,42824.69,3703.88
2023-03-11 14:00:00,45.87,90.0,32.83,28.48,0.7,0.0,15189.11,1184.57
2023-03-11 15:00:00,45.96,87.47,33.81,28.85,1.2,0.0,22910.99,1969.61
2023-03-11 16:00:00,60.74,81.86,29.69,27.15,1.3,0.0,28353.87,1530.27
2023-03-11 17:00:00,66.86,83.27,28.34,27.78,1.4,0.0,8657.48,270.5
2023-03-11 18:00:00,53.42,86.95,24.89,24.19,1.9,0.0,4.31,0.3
2023-03-11 19:00:00,73.7,81.66,28.38,27.53,1.6,0.0,2.75,256.54
2023-03-11 20:00:00,75.8,77.08,27.99,27.3,0.7,0.0,1.64,220.68
2023-03-11 21:00:00,71.39,81.99,23.05,22.0,1.3,0.0,4.13,218.89
2023-03-11 22:00:00,75.42,77.03,25.27,24.41,0.8,0.0,1.85,224.13
2023-03-11 23:00:00,74.62,80.67,23.11,22.48,1.6,0.0,4.16,200.28
2023-03-12 00:00:00,74.44,81.26,22.57,21.34,1.7,0.0,0.26,256.8
2023-03-12 01:00:00,70.76,84.66,23.0,22.38,1.6,0.0,0.84,165.1
2023-03-12 02:00:00,76.48,77.27,23.48,22.47,1.1,0.0,0.32,171.3
2023-03-12 03:00:00,74.79,83.34,23.69,22.46,1.7,0.0,0.41,217.55
2023-03-12 04:00:00,72.17,82.17,21.59,21.0,1.6,0.0,0.77,247.67
2023-03-12 05:00:00,77.1,77.64,21.73,21.0,1.0,0.0,6.59,202.86
2023-03-12 06:00:00,61.26,82.09,23.33,22.13,1.2,0.0,26036.19,1915.34
2023-03-12 07:00:00,59.0,87.91,26.08,25.17,1.1,0.0,29477.62,2408.53
2023-03-12 08:00:00,59.37,87.62,28.11,27.44,1.0,0.0,8156.62,683.6
2023-03-12 09:00:00,60.92,84.04,30.64,29.83,1.1,0.0,13127.6,1106.87
2023-03-12 10:00:00,53.72,87.95,31.66,26.5,1.6,0.0,6741.03,396.0
2023-03-12 11:00:00,48.48,86.99,32.63,28.96,0.9,0.0,55672.12,4959.67
2023-03-12 12:00:00,48.21,88.86,33.64,28.77,1.7,0.0,55111.23,5024.55
2023-03-12 13:00:00,47.01,86.96,32.16,28.62,1.6,0.0,49286.46,5311.41
2023-03-12 14:00:00,46.65,89.86,37.03,28.51,1.3,0.0,22689.82,1480.86
2023-03-12 15:00:00,48.82,88.95,33.54,27.94,0.7,0.0,18189.67,939.67
2023-03-12 16:00:00,60.83,84.88,30.26,27.31,1.8,0.0,19559.2,1616.73
2023-03-12 17:00:00,61.64,81.93,28.37,27.75,0.7,0.0,9691.52,700.43
2023-03-12 18:00:00,50.14,87.39,24.79,24.27,2.0,0.0,3.85,0.26
2023-03-12 19:00:00,72.36,84.59,28.37,27.25,1.3,0.0,3.36,189.04
2023-03-12 20:00:00,72.77,82.81,27.49,27.19,1.3,0.0,4.55,250.61
2023-03-12 21:00:00,79.16,77.2,21.97,21.0,1.0,0.0,2.85,166.65
2023-03-12 22:00:00,71.92,81.92,23.44,22.73,1.5,0.0,2.29,219.05
2023-03-12 23:00:00,75.21,78.0,22.14,21.08,0.7,0.0,4.34,232.0
2023-03-13 00:00:00,67.12,82.8,21.46,21.0,0.8,0.0,0.44,296.52
2023-03-13 01:00:00,73.93,84.82,23.45,22.93,1.0,0.0,0.2,213.38
2023-03-13 02:00:00,76.9,78.05,23.59,22.34,2.0,0.0,0.14,260.99
2023-03-13 03:00:00,73.48,83.99,22.61,21.17,1.8,0.0,0.93,192.01
2023-03-13 04:00:00,72.1,84.18,22.67,21.47,1.8,0.0,0.87,193.83
2023-03-13 05:00:00,78.15,77.6,21.92,21.0,1.7,0.0,9.2,263.09
2023-03-13 06:00:00,61.03,82.96,23.76,22.86,1.4,0.0,25122.67,1278.75
2023-03-13 07:00:00,54.87,88.82,24.82,23.62,1.6,0.0,29070.26,2509.74
2023-03-13 08:00:00,63.52,84.21,27.58,27.05,0.7,0.0,12618.78,1154.24
2023-03-13 09:00:00,57.4,85.98,28.87,27.56,1.1,0.0,12038.03,1127.21
2023-03-13 10:00:00,67.13,82.63,31.73,27.25,1.7,0.0,7814.51,665.67
2023-03-13 11:00:00,51.49,90.0,35.14,28.34,0.5,0.0,46220.95,3876.15
2023-03-13 12:00:00,46.42,88.62,35.57,27.85,1.1,0.0,37256.81,2999.03
2023-03-13 13:00:00,44.91,88.91,33.69,28.48,1.2,0.0,44063.04,4056.03
2023-03-13 14:00:00,52.09,86.72,35.15,26.77,2.0,0.0,23975.36,1555.09
2023-03-13 15:00:00,45.72,88.02,34.93,26.76,1.9,0.0,19498.79,1699.51
2023-03-13 16:00:00,63.06,81.31,30.31,29.11,0.9,0.0,15722.14,1495.88
2023-03-13 17:00:00,59.66,88.19,29.76,28.57,1.3,0.0,9261.32,556.31
2023-03-13 18:00:00,62.8,82.14,26.39,25.39,1.8,0.0,3.01,0.22
2023-03-13 19:00:00,84.69,77.53,27.78,27.27,0.6,0.0,1.01,161.85
2023-03-13 20:00:00,77.76,77.4,28.6,27.54,1.0,0.0,1.27,269.19
2023-03-13 21:00:00,71.49,83.81,22.69,22.18,1.5,0.0,0.27,237.42
2023-03-13 22:00:00,77.76,79.46,22.23,21.38,1.4,0.0,4.98,278.35
2023-03-13 23:00:00,73.71,81.14,23.71,23.07,0.5,0.0,2.66,159.55
2023-03-14 00:00:00,78.71,78.09,23.4,22.87,1.1,0.0,0.85,239.85
2023-03-14 01:00:00,77.73,76.96,22.92,22.08,0.7,0.0,0.2,164.08
2023-03-14 02:00:00,71.3,83.43,23.33,22.64,1.2,0.0,0.92,250.38
2023-03-14 03:00:00,65.37,81.83,24.88,24.1,1.8,0.0,0.85,281.85
2023-03-14 04:00:00,83.22,75.0,22.26,21.45,1.9,0.0,0.61,227.62
2023-03-14 05:00:00,63.79,80.98,23.55,22.75,0.8,0.0,4.87,197.54
2023-03-14 06:00:00,58.63,87.07,23.28,22.6,1.4,0.0,15864.9,1407.12
2023-03-14 07:00:00,63.77,82.55,26.2,25.12,0.5,0.0,20048.09,1897.07
2023-03-14 08:00:00,52.41,86.74,27.63,26.23,1.4,0.0,16084.5,1292.46
2023-03-14 09:00:00,55.92,87.35,28.41,26.96,1.3,0.0,20782.69,1653.99
2023-03-14 10:00:00,56.29,86.83,31.07,28.67,0.6,0.0,22565.84,1396.19
2023-03-14 11:00:00,45.81,87.49,36.69,27.91,1.7,0.0,45370.91,3818.82
2023-03-14 12:00:00,45.5,88.75,35.0,27.22,1.1,0.0,41535.34,4133.04
2023-03-14 13:00:00,40.0,88.72,34.1,27.94,1.4,0.0,49566.73,5849.93
2023-03-14 14:00:00,46.15,88.38,35.55,27.78,1.6,0.0,24009.77,2093.16
2023-03-14 15:00:00,49.13,87.03,35.58,28.26,1.8,0.0,22593.99,1846.05
2023-03-14 16:00:00,57.44,85.73,31.75,27.65,1.6,0.0,16063.98,1007.53
2023-03-14 17:00:00,56.29,89.75,28.21,27.55,1.8,0.0,6809.27,329.23
2023-03-14 18:00:00,53.11,87.87,26.25,25.81,2.0,0.0,0.32,0.01
2023-03-14 19:00:00,67.25,84.44,27.16,26.6,1.0,0.0,1.46,295.73
2023-03-14 20:00:00,66.05,82.91,28.28,27.87,0.9,0.0,1.72,222.31
2023-03-14 21:00:00,81.2,78.05,24.01,22.86,0.9,0.0,1.06,241.62
2023-03-14 22:00:00,74.18,82.74,21.85,21.35,0.8,0.0,1.48,181.05
2023-03-14 23:00:00,74.22,83.07,22.63,21.45,1.6,0.0,2.63,150.83
2023-03-15 00:00:00,76.38,76.46,22.63,21.69,1.5,0.0,0.11,182.86
2023-03-15 01:00:00,74.38,84.39,23.99,23.48,1.6,0.0,0.13,166.2
2023-03-15 02:00:00,72.71,83.88,21.59,21.0,1.0,0.0,0.4,270.39
2023-03-15 03:00:00,76.59,76.52,23.79,23.11,0.9,0.0,0.61,226.9
2023-03-15 04:00:00,70.46,83.58,21.92,21.0,0.8,0.0,0.36,289.76
2023-03-15 05:00:00,73.25,82.49,22.34,21.05,1.2,0.0,4.57,163.06
2023-03-15 06:00:00,63.77,81.71,23.48,22.77,1.1,0.0,20426.66,1137.6
2023-03-15 07:00:00,64.82,82.74,25.66,24.37,1.4,0.0,13630.58,1027.34
2023-03-15 08:00:00,60.02,81.63,27.11,25.79,0.8,0.0,26855.56,2005.5
2023-03-15 09:00:00,64.46,83.08,29.73,28.7,2.0,0.0,22556.47,2247.55
2023-03-15 10:00:00,61.63,84.09,32.49,28.1,0.9,0.0,8287.23,528.2
2023-03-15 11:00:00,51.23,87.01,35.82,28.38,0.8,0.0,41837.28,4052.91
2023-03-15 12:00:00,43.28,87.73,34.11,27.84,0.7,0.0,42330.63,4923.24
2023-03-15 13:00:00,45.25,89.35,35.76,28.75,1.0,0.0,51420.98,5364.04
2023-03-15 14:00:00,50.46,87.96,32.61,28.58,0.8,0.0,19640.59,1791.02
2023-03-15 15:00:00,42.22,87.29,33.02,27.84,1.5,0.0,29325.91,2670.41
2023-03-15 16:00:00,62.14,81.83,29.11,27.84,1.7,0.0,15023.48,1229.22
2023-03-15 17:00:00,58.01,88.43,27.83,26.81,1.1,0.0,5255.68,186.35
2023-03-15 18:00:00,56.41,88.67,25.83,25.48,2.0,0.0,0.39,0.02
2023-03-15 19:00:00,67.48,85.69,28.57,27.89,0.8,0.0,3.46,167.17
2023-03-15 20:00:00,72.49,82.38,27.56,27.0,1.3,0.0,1.98,218.44
2023-03-15 21:00:00,72.16,84.89,22.72,21.98,1.0,0.0,1.91,168.15
2023-03-15 22:00:00,73.79,82.5,23.03,21.97,1.3,0.0,2.15,262.68
2023-03-15 23:00:00,72.09,83.29,22.82,22.07,0.9,0.0,0.45,162.03
2023-03-16 00:00:00,76.87,76.44,23.31,22.74,1.5,0.0,0.42,291.26
2023-03-16 01:00:00,71.95,83.9,23.45,22.57,1.8,0.0,0.7,251.8
2023-03-16 02:00:00,76.74,75.0,23.41,22.3,1.1,0.0,0.43,239.05
2023-03-16 03:00:00,68.44,82.25,23.9,23.26,1.7,0.0,0.11,245.41
2023-03-16 04:00:00,76.83,75.71,23.15,22.3,0.9,0.0,0.92,241.89
2023-03-16 05:00:00,74.02,83.16,24.55,23.64,1.9,0.0,8.86,258.6
2023-03-16 06:00:00,68.82,84.27,23.03,22.33,0.6,0.0,8013.96,762.31
2023-03-16 07:00:00,63.46,84.76,26.85,26.1,1.3,0.0,6661.1,510.9
2023-03-16 08:00:00,49.67,87.58,28.47,27.06,1.7,0.0,8553.43,432.68
2023-03-16 09:00:00,57.7,87.4,30.43,29.92,1.3,0.0,15550.86,1006.95
2023-03-16 10:00:00,58.05,90.0,30.84,27.84,0.9,0.0,17150.01,1352.45
2023-03-16 11:00:00,50.82,86.72,34.51,28.7,1.7,0.0,31312.17,2659.03
2023-03-16 12:00:00,43.52,89.92,31.42,29.07,0.8,0.0,46759.27,4382.59
2023-03-16 13:00:00,51.62,88.08,33.73,28.34,0.9,0.0,51875.2,5503.53
2023-03-16 14:00:00,43.4,87.1,34.29,28.1,0.6,0.0,27684.07,2342.75
2023-03-16 15:00:00,46.63,88.32,32.6,29.3,0.7,0.0,21448.97,1794.17
2023-03-16 16:00:00,51.8,88.54,29.99,27.43,2.0,0.0,19130.72,1249.54
2023-03-16 17:00:00,53.72,87.87,28.47,27.71,0.9,0.0,8944.93,418.49
2023-03-16 18:00:00,66.77,83.09,24.76,24.2,1.4,0.0,4.01,0.28
2023-03-16 19:00:00,70.65,83.48,28.55,27.54,1.0,0.0,4.3,287.5
2023-03-16 20:00:00,74.96,83.17,28.1,27.28,0.6,0.0,2.21,197.83
2023-03-16 21:00:00,72.3,80.94,22.7,21.62,0.7,0.0,2.95,205.68
2023-03-16 22:00:00,70.48,86.18,22.25,21.77,1.1,0.0,3.05,255.84
2023-03-16 23:00:00,74.26,84.9,23.03,22.41,1.9,0.0,3.47,206.18
2023-03-17 00:00:00,63.23,84.53,21.84,21.0,1.9,0.0,0.25,214.58
2023-03-17 01:00:00,74.13,82.57,22.72,21.88,1.6,0.0,0.23,283.51
2023-03-17 02:00:00,78.02,77.2,24.44,23.68,1.7,0.0,0.41,173.17
2023-03-17 03:00:00,63.5,83.51,23.38,22.16,0.5,0.0,0.12,246.87
2023-03-17 04:00:00,71.59,81.22,22.23,21.7,1.9,0.0,0.67,201.09
2023-03-17 05:00:00,70.52,84.28,23.48,22.72,1.9,0.0,1.65,211.44
2023-03-17 06:00:00,59.61,88.87,23.59,22.96,0.8,0.0,12780.44,1071.72
2023-03-17 07:00:00,54.18,87.84,25.45,24.15,1.9,0.0,20144.48,1374.45
2023-03-17 08:00:00,68.63,82.18,27.89,27.2,0.5,0.0,10447.31,1038.48
2023-03-17 09:00:00,65.71,81.93,29.84,29.12,0.8,0.0,16350.04,1380.17
2023-03-17 10:00:00,50.06,88.63,31.84,27.97,1.6,0.0,8513.82,632.4
2023-03-17 11:00:00,49.72,87.43,35.07,27.9,0.5,0.0,30826.1,3089.34
2023-03-17 12:00:00,45.67,87.95,33.72,27.76,1.3,0.0,58920.52,5619.15
2023-03-17 13:00:00,46.1,89.5,35.59,28.29,0.8,0.0,31169.88,2532.19
2023-03-17 14:00:00,45.14,87.87,32.11,28.39,1.2,0.0,20819.8,1207.57
2023-03-17 15:00:00,50.42,87.74,34.74,29.59,2.0,0.0,15350.28,1347.92
2023-03-17 16:00:00,56.24,86.88,31.21,27.34,1.6,0.0,21877.85,1410.29
2023-03-17 17:00:00,56.32,88.73,29.0,27.92,0.9,0.0,9500.42,256.21
2023-03-17 18:00:00,61.32,84.59,25.93,25.1,1.8,0.0,4.78,0.19
2023-03-17 19:00:00,71.44,82.27,28.56,27.67,0.8,0.0,4.45,240.44
2023-03-17 20:00:00,65.55,82.47,27.07,26.21,1.0,0.0,4.15,297.6
2023-03-17 21:00:00,74.1,84.2,21.97,21.01,0.8,0.0,1.51,294.17
2023-03-17 22:00:00,79.81,76.8,23.22,22.81,1.2,0.0,2.01,207.83
2023-03-17 23:00:00,74.94,83.58,21.73,21.37,1.3,0.0,1.77,231.21
2023-03-18 00:00:00,67.59,81.63,22.12,21.0,0.5,0.0,0.24,233.06
2023-03-18 01:00:00,69.86,83.84,24.53,23.26,1.3,0.0,0.59,264.29
2023-03-18 02:00:00,72.69,83.33,23.51,22.76,1.9,0.0,0.85,216.07
2023-03-18 03:00:00,75.21,76.49,22.68,22.11,0.9,0.0,0.37,188.9
2023-03-18 04:00:00,69.94,82.87,23.39,22.8,1.3,0.0,0.28,158.65
2023-03-18 05:00:00,78.52,77.95,22.27,21.63,1.9,0.0,4.08,190.54
2023-03-18 06:00:00,60.89,84.39,21.96,21.0,1.4,0.0,29160.43,2271.17
2023-03-18 07:00:00,57.25,88.99,26.22,25.0,1.9,0.0,13681.93,1081.19
2023-03-18 08:00:00,54.49,87.23,27.89,26.5,1.0,0.0,8479.92,612.27
2023-03-18 09:00:00,58.66,90.0,30.51,30.01,1.9,0.0,20655.86,1537.72
2023-03-18 10:00:00,68.01,82.03,31.8,27.18,1.9,0.0,15044.47,1499.82
2023-03-18 11:00:00,50.84,87.78,32.94,27.96,0.8,0.0,56409.44,5919.39
2023-03-18 12:00:00,47.07,86.27,33.44,28.43,1.8,0.0,47081.32,4935.37
2023-03-18 13:00:00,48.69,88.72,33.89,27.8,2.0,0.0,36039.36,3452.77
2023-03-18 14:00:00,50.38,87.76,32.66,28.3,1.8,0.0,15591.89,1150.33
2023-03-18 15:00:00,47.1,86.89,34.19,28.3,1.0,0.0,23145.37,1420.84
2023-03-18 16:00:00,63.7,82.25,30.12,29.23,1.0,0.0,29460.43,2812.67
2023-03-18 17:00:00,54.08,89.95,27.88,26.91,1.8,0.0,8610.72,447.78
2023-03-18 18:00:00,51.33,87.95,26.29,25.45,1.4,0.0,4.36,0.12
2023-03-18 19:00:00,76.95,76.44,28.55,28.09,0.5,0.0,3.97,168.72
2023-03-18 20:00:00,73.31,82.72,28.4,27.74,0.8,0.0,3.99,191.37
2023-03-18 21:00:00,70.63,84.07,23.9,23.38,0.8,0.0,4.4,291.61
2023-03-18 22:00:00,72.36,82.89,24.09,23.06,1.1,0.0,0.83,219.4
2023-03-18 23:00:00,69.12,84.19,22.81,21.65,1.6,0.0,4.91,222.51
2023-03-19 00:00:00,71.77,84.07,22.46,21.25,0.8,0.0,0.88,238.31
2023-03-19 01:00:00,65.72,82.16,22.55,21.68,1.9,0.0,0.44,192.87
2023-03-19 02:00:00,70.25,82.38,22.74,21.5,0.7,0.0,0.28,264.27
2023-03-19 03:00:00,69.6,81.47,23.13,22.41,1.7,0.0,0.45,226.69
2023-03-19 04:00:00,78.71,76.57,23.77,23.18,0.9,0.0,0.54,236.59
2023-03-19 05:00:00,69.86,82.75,21.35,21.0,1.3,0.0,8.79,297.11
2023-03-19 06:00:00,57.03,85.56,23.15,21.84,0.7,0.0,15189.61,1387.96
2023-03-19 07:00:00,59.01,87.94,25.89,25.05,1.6,0.0,24113.19,1897.14
2023-03-19 08:00:00,58.69,87.3,27.35,26.44,1.4,0.0,28901.18,1734.76
2023-03-19 09:00:00,65.99,83.23,30.35,29.56,0.8,0.0,7731.61,716.71
2023-03-19 10:00:00,60.34,81.35,32.08,28.33,0.7,0.0,15978.75,1475.61
2023-03-19 11:00:00,47.23,88.16,32.18,28.34,1.9,0.0,56792.71,4685.3
2023-03-19 12:00:00,47.44,89.73,33.9,26.82,1.8,0.0,56503.94,5533.59
2023-03-19 13:00:00,48.38,87.49,37.79,27.48,1.3,0.0,45312.97,4760.75
2023-03-19 14:00:00,49.49,90.0,34.67,27.34,1.5,0.0,28895.74,1472.41
2023-03-19 15:00:00,52.75,89.85,34.74,27.76,1.7,0.0,22152.65,1869.38
2023-03-19 16:00:00,63.25,83.48,30.93,28.59,0.9,0.0,25840.6,2186.8
2023-03-19 17:00:00,55.84,88.59,29.14,28.1,1.2,0.0,5672.18,215.34
2023-03-19 18:00:00,61.82,82.61,25.89,25.11,0.8,0.0,1.86,0.13
2023-03-19 19:00:00,76.86,75.0,27.53,26.6,1.1,0.0,1.47,181.61
2023-03-19 20:00:00,78.36,77.84,27.98,26.87,0.7,0.0,4.79,151.33
2023-03-19 21:00:00,71.06,83.71,23.77,23.17,1.6,0.0,4.99,251.52
2023-03-19 22:00:00,77.65,76.65,24.48,23.8,0.9,0.0,4.16,194.19
2023-03-19 23:00:00,69.48,81.42,24.1,23.35,1.7,0.0,0.17,260.68
2023-03-20 00:00:00,75.22,77.94,23.81,22.41,1.6,0.0,0.85,261.07
2023-03-20 01:00:00,74.6,81.04,21.6,21.0,1.6,0.0,0.23,263.01
2023-03-20 02:00:00,72.7,83.29,22.23,21.0,1.3,0.0,0.79,248.78
2023-03-20 03:00:00,68.88,82.33,23.55,22.16,0.9,0.0,0.79,276.89
2023-03-20 04:00:00,72.79,82.61,23.25,22.32,0.8,0.0,0.65,163.29
2023-03-20 05:00:00,71.07,83.29,22.86,22.01,0.9,0.0,5.39,161.65
2023-03-20 06:00:00,59.45,88.21,22.81,21.71,1.3,0.0,15188.58,1068.6
2023-03-20 07:00:00,61.33,83.57,27.2,25.98,1.3,0.0,6650.25,448.5
2023-03-20 08:00:00,57.86,88.5,27.17,25.76,1.1,0.0,7774.95,702.95
2023-03-20 09:00:00,65.47,84.93,29.55,28.4,1.0,0.0,28692.2,1538.36
2023-03-20 10:00:00,57.69,87.73,32.28,28.92,0.7,0.0,28877.88,2198.44
2023-03-20 11:00:00,42.65,85.51,33.42,27.69,1.7,0.0,38986.97,3238.82
2023-03-20 12:00:00,52.01,90.0,33.05,27.06,0.6,0.0,45018.73,5032.22
2023-03-20 13:00:00,46.86,90.0,35.14,27.51,2.0,0.0,51212.59,4199.9
2023-03-20 14:00:00,49.63,87.76,33.46,28.32,0.9,0.0,16093.53,1128.86
2023-03-20 15:00:00,43.92,88.08,32.84,28.74,1.6,0.0,19429.36,1197.22
2023-03-20 16:00:00,52.28,85.77,28.36,28.67,1.1,0.0,19215.07,1732.7
2023-03-20 17:00:00,65.49,84.45,27.17,26.28,1.1,0.0,9646.14,427.38
2023-03-20 18:00:00,59.44,87.0,26.76,25.68,1.0,0.0,4.54,0.18
2023-03-20 19:00:00,70.38,85.65,27.6,26.92,0.8,0.0,2.43,183.9
2023-03-20 20:00:00,79.52,76.93,28.16,27.28,1.2,0.0,3.24,296.85
2023-03-20 21:00:00,75.01,81.75,24.17,23.77,1.9,0.0,3.06,203.67
2023-03-20 22:00:00,68.08,81.79,22.04,21.72,1.7,0.0,3.27,168.44
2023-03-20 23:00:00,72.28,79.97,23.42,23.07,0.5,0.0,4.45,225.46
2023-03-21 00:00:00,73.33,83.73,21.63,21.0,1.5,0.0,0.5,237.88
2023-03-21 01:00:00,66.31,83.54,23.63,22.97,1.3,0.0,0.66,160.77
2023-03-21 02:00:00,78.4,76.01,23.8,22.93,1.0,0.0,0.71,186.29
2023-03-21 03:00:00,65.88,84.06,23.87,22.44,1.0,0.0,0.74,273.38
2023-03-21 04:00:00,70.94,83.83,23.22,22.42,0.6,0.0,0.82,232.88
2023-03-21 05:00:00,76.87,78.53,23.95,23.27,0.8,0.0,5.68,171.43
2023-03-21 06:00:00,64.91,84.4,23.09,22.34,1.8,0.0,24383.65,1550.08
2023-03-21 07:00:00,57.0,87.45,24.98,23.53,0.7,0.0,17417.39,1118.43
2023-03-21 08:00:00,61.48,82.96,27.29,26.4,0.8,0.0,8345.71,679.99
2023-03-21 09:00:00,58.47,89.64,30.08,29.26,1.7,0.0,6358.3,555.92
2023-03-21 10:00:00,59.72,87.2,31.91,27.81,1.9,0.0,12939.67,647.07
2023-03-21 11:00:00,48.31,88.78,33.81,28.65,2.0,0.0,45333.87,3711.67
2023-03-21 12:00:00,47.33,89.48,35.73,28.47,1.5,0.0,38285.09,4145.47
2023-03-21 13:00:00,42.42,86.13,32.83,28.77,0.9,0.0,31880.69,3620.8
2023-03-21 14:00:00,44.09,88.52,33.29,27.39,1.1,0.0,15057.3,938.69
2023-03-21 15:00:00,48.98,88.16,33.0,27.97,1.9,0.0,26113.56,1718.63
2023-03-21 16:00:00,63.36,82.37,29.75,27.69,1.2,0.0,16528.39,1124.12
2023-03-21 17:00:00,68.99,83.86,28.33,27.35,0.9,0.0,6351.97,448.21
2023-03-21 18:00:00,61.84,83.54,25.89,25.01,2.0,0.0,1.64,0.11
2023-03-21 19:00:00,69.23,83.03,27.67,26.57,1.0,0.0,4.47,215.07
2023-03-21 20:00:00,68.21,82.9,27.53,26.84,0.9,0.0,4.56,206.6
2023-03-21 21:00:00,70.0,81.17,22.5,21.62,0.6,0.0,4.82,163.39
2023-03-21 22:00:00,71.92,81.52,23.01,22.06,1.0,0.0,3.47,224.07
2023-03-21 23:00:00,71.63,82.38,21.85,21.0,1.6,0.0,2.0,244.91
2023-03-22 00:00:00,75.89,76.25,22.49,21.39,1.4,0.0,0.73,150.65
2023-03-22 01:00:00,72.47,82.97,22.32,21.44,0.7,0.0,0.25,256.96
2023-03-22 02:00:00,74.15,81.96,22.75,22.11,1.3,0.0,0.7,294.91
2023-03-22 03:00:00,67.16,84.28,23.22,22.65,1.1,0.0,0.78,292.62
2023-03-22 04:00:00,69.09,84.05,23.34,22.06,1.8,0.0,0.73,194.71
2023-03-22 05:00:00,72.57,85.23,23.12,21.8,1.8,0.0,1.95,267.27
2023-03-22 06:00:00,60.3,85.06,23.18,21.74,1.3,0.0,21103.73,1106.03
2023-03-22 07:00:00,67.51,81.79,26.47,25.44,1.7,0.0,14001.26,1369.88
2023-03-22 08:00:00,61.58,81.82,28.11,27.59,1.8,0.0,17510.03,1254.36
2023-03-22 09:00:00,51.85,88.87,30.64,29.45,0.7,0.0,16442.49,993.85
2023-03-22 10:00:00,65.94,84.25,31.78,28.49,0.9,0.0,14217.68,973.78
2023-03-22 11:00:00,42.51,88.46,33.63,27.7,2.0,0.0,31570.65,3494.96
2023-03-22 12:00:00,46.13,86.52,33.76,28.15,0.9,0.0,42495.13,4797.16
2023-03-22 13:00:00,49.38,89.02,33.5,28.42,0.7,0.0,55510.44,4911.55
2023-03-22 14:00:00,42.77,87.41,33.95,27.92,1.2,0.0,24860.3,1830.07
2023-03-22 15:00:00,40.0,88.58,34.46,28.29,1.5,0.0,28202.35,1714.34
2023-03-22 16:00:00,55.89,88.28,29.41,28.52,0.5,0.0,25167.2,2023.13
2023-03-22 17:00:00,52.66,87.31,27.82,26.67,1.9,0.0,6476.51,182.61
2023-03-22 18:00:00,63.78,81.48,26.08,25.21,0.6,0.0,3.29,0.21
2023-03-22 19:00:00,80.41,76.97,27.32,26.54,1.8,0.0,1.65,246.72
2023-03-22 20:00:00,77.09,79.43,28.41,28.02,1.6,0.0,2.04,256.98
2023-03-22 21:00:00,71.58,83.87,22.91,22.14,1.3,0.0,1.08,283.53
2023-03-22 22:00:00,78.92,76.94,23.78,22.78,1.1,0.0,1.51,205.17
2023-03-22 23:00:00,72.94,83.23,23.12,22.61,1.3,0.0,0.38,166.73
2023-03-23 00:00:00,71.83,82.53,22.77,22.02,0.5,0.0,0.56,190.14
2023-03-23 01:00:00,63.3,82.34,23.42,22.11,1.5,0.0,0.85,152.2
2023-03-23 02:00:00,67.7,85.5,22.76,22.19,1.5,0.0,0.44,200.6
2023-03-23 03:00:00,80.47,76.79,23.26,21.86,1.3,0.0,0.12,168.66
2023-03-23 04:00:00,71.52,83.14,23.26,22.66,1.5,0.0,0.47,223.93
2023-03-23 05:00:00,77.82,76.78,23.28,21.84,1.1,0.0,4.64,229.64
2023-03-23 06:00:00,60.59,83.63,22.18,21.0,1.4,0.0,19878.29,1003.78
2023-03-23 07:00:00,58.54,89.56,26.77,25.3,1.4,0.0,16602.38,1629.94
2023-03-23 08:00:00,45.75,87.98,28.39,27.07,1.3,0.0,17975.81,1507.76
2023-03-23 09:00:00,57.42,87.08,29.62,29.03,1.6,0.0,12796.6,1135.05
2023-03-23 10:00:00,51.19,86.01,30.67,27.76,1.9,0.0,24323.04,1850.13
2023-03-23 11:00:00,46.54,87.98,33.4,27.93,0.6,0.0,59280.41,5040.14
2023-03-23 12:00:00,44.86,89.64,34.09,28.37,1.7,0.0,30508.43,3380.53
2023-03-23 13:00:00,43.0,87.59,35.18,27.01,1.5,0.0,54214.67,4597.85
2023-03-23 14:00:00,46.63,87.91,31.58,27.97,1.1,0.0,18983.74,965.85
2023-03-23 15:00:00,48.38,88.84,34.18,27.55,1.9,0.0,19399.63,1719.91
2023-03-23 16:00:00,60.84,85.52,29.01,28.14,1.9,0.0,22769.41,1534.77
2023-03-23 17:00:00,56.82,90.0,29.9,28.73,1.0,0.0,6858.7,137.73
2023-03-23 18:00:00,64.22,81.85,25.44,24.51,1.3,0.0,1.57,0.09
2023-03-23 19:00:00,74.43,84.35,27.12,26.15,0.6,0.0,4.87,277.06
2023-03-23 20:00:00,72.06,82.48,27.98,27.52,0.9,0.0,0.22,284.78
2023-03-23 21:00:00,76.42,76.73,23.09,22.45,1.4,0.0,3.94,267.06
2023-03-23 22:00:00,71.26,83.52,23.17,22.0,0.6,0.0,2.34,209.7
2023-03-23 23:00:00,70.71,81.6,24.63,23.62,0.6,0.0,1.58,159.85
2023-03-24 00:00:00,76.81,76.51,22.37,21.79,1.6,0.0,0.31,186.99
2023-03-24 01:00:00,81.4,77.36,23.37,22.56,1.2,0.0,0.54,262.12
2023-03-24 02:00:00,74.05,82.75,22.91,22.35,0.7,0.0,0.53,158.68
2023-03-24 03:00:00,69.13,81.9,24.34,23.54,0.7,0.0,0.96,291.41
2023-03-24 04:00:00,73.13,83.39,22.71,21.7,1.9,0.0,0.81,298.7
2023-03-24 05:00:00,70.38,81.16,23.8,22.43,1.4,0.0,5.9,294.42
2023-03-24 06:00:00,62.56,84.07,22.04,21.0,1.2,0.0,6890.13,470.49
2023-03-24 07:00:00,67.13,83.48,25.14,24.34,1.9,0.0,10634.53,635.86
2023-03-24 08:00:00,63.16,81.46,28.44,27.57,1.4,0.0,8520.07,691.15
2023-03-24 09:00:00,56.3,88.0,29.63,28.22,0.6,0.0,24533.05,1936.02
2023-03-24 10:00:00,64.22,85.44,31.25,27.75,1.1,0.0,8674.07,785.49
2023-03-24 11:00:00,52.84,90.0,33.58,28.43,1.1,0.0,49078.64,4688.32
2023-03-24 12:00:00,47.63,87.42,32.59,27.12,1.5,0.0,50223.91,4540.05
2023-03-24 13:00:00,48.6,90.0,31.36,28.4,1.1,0.0,40355.77,4709.5
2023-03-24 14:00:00,48.59,88.26,33.32,27.92,0.9,0.0,19357.57,1422.77
2023-03-24 15:00:00,49.3,88.96,33.52,29.52,1.7,0.0,28352.12,2420.88
2023-03-24 16:00:00,62.35,83.51,29.72,27.37,1.3,0.0,15933.05,914.0
2023-03-24 17:00:00,62.26,82.39,27.47,27.04,0.6,0.0,5039.21,291.54
2023-03-24 18:00:00,51.43,88.2,24.35,23.32,1.5,0.0,2.29,0.06
2023-03-24 19:00:00,82.01,78.41,27.88,27.01,0.9,0.0,4.79,229.45
2023-03-24 20:00:00,66.56,81.85,27.84,27.42,0.5,0.0,1.29,225.09
2023-03-24 21:00:00,75.19,77.09,24.04,23.66,0.9,0.0,3.43,161.44
2023-03-24 22:00:00,72.27,82.49,23.53,23.01,1.2,0.0,1.45,271.04
2023-03-24 23:00:00,70.72,83.32,23.52,22.37,1.3,0.0,2.35,231.99
2023-03-25 00:00:00,68.42,82.28,23.11,21.99,0.8,0.0,0.49,156.58
2023-03-25 01:00:00,71.16,85.96,23.04,22.36,1.3,0.0,0.25,216.83
2023-03-25 02:00:00,68.78,84.6,24.64,23.85,0.8,0.0,0.29,157.5
2023-03-25 03:00:00,76.64,76.27,23.21,21.73,0.6,0.0,0.86,297.18
2023-03-25 04:00:00,76.28,76.92,22.15,21.22,1.2,0.0,0.81,278.07
2023-03-25 05:00:00,66.76,84.92,22.42,21.44,1.2,0.0,3.18,294.09
2023-03-25 06:00:00,61.01,82.98,23.44,22.94,1.3,0.0,9923.14,968.22
2023-03-25 07:00:00,68.46,82.63,25.82,25.18,0.7,0.0,29870.48,2556.5
2023-03-25 08:00:00,61.42,82.05,27.92,26.61,1.4,0.0,29528.59,2317.32
2023-03-25 09:00:00,65.61,82.93,30.8,29.64,1.4,0.0,11488.54,825.45
2023-03-25 10:00:00,61.06,82.76,31.18,28.33,1.3,0.0,19839.02,1064.44
2023-03-25 11:00:00,47.38,88.43,32.5,28.39,1.1,0.0,48670.3,5803.79
2023-03-25 12:00:00,50.32,86.97,34.46,26.54,1.2,0.0,35703.23,3988.19
2023-03-25 13:00:00,45.11,89.3,33.43,27.13,1.5,0.0,57236.96,6739.54
2023-03-25 14:00:00,46.28,86.82,33.36,28.7,0.6,0.0,29402.03,2236.7
2023-03-25 15:00:00,42.2,88.24,33.3,28.78,0.8,0.0,29659.62,2606.06
2023-03-25 16:00:00,65.9,83.0,30.62,27.01,1.2,0.0,17425.07,1286.75
2023-03-25 17:00:00,65.14,81.54,28.13,27.74,1.3,0.0,8591.66,299.34
2023-03-25 18:00:00,56.29,87.59,25.43,24.98,0.9,0.0,3.24,0.19
2023-03-25 19:00:00,70.94,84.34,27.17,26.68,1.5,0.0,0.9,234.76
2023-03-25 20:00:00,64.38,82.18,27.81,26.74,1.3,0.0,3.88,224.83
2023-03-25 21:00:00,75.33,77.72,22.32,21.78,1.7,0.0,0.16,151.36
2023-03-25 22:00:00,73.14,82.02,24.16,23.79,0.9,0.0,1.85,288.93
2023-03-25 23:00:00,66.59,82.71,23.07,22.06,0.7,0.0,1.22,245.15
2023-03-26 00:00:00,80.4,76.81,23.12,21.96,1.1,0.0,0.3,198.25
2023-03-26 01:00:00,77.17,77.49,22.24,21.0,1.3,0.0,0.86,259.33
2023-03-26 02:00:00,78.22,79.45,24.79,23.66,1.6,0.0,0.19,214.31
2023-03-26 03:00:00,70.41,84.47,22.3,21.04,0.6,0.0,0.13,222.13
2023-03-26 04:00:00,80.12,76.02,23.73,22.99,2.0,0.0,0.7,167.78
2023-03-26 05:00:00,76.52,77.93,22.98,21.99,1.6,0.0,3.6,209.68
2023-03-26 06:00:00,60.54,82.35,22.07,21.41,1.9,0.0,27988.28,2789.39
2023-03-26 07:00:00,61.45,82.84,27.08,26.03,1.9,0.0,6122.78,539.11
2023-03-26 08:00:00,51.69,90.0,28.33,27.36,0.6,0.0,14293.1,995.13
2023-03-26 09:00:00,66.8,84.66,28.64,27.51,1.1,0.0,23856.62,2288.36
2023-03-26 10:00:00,58.81,86.92,32.15,27.47,1.1,0.0,28773.21,2268.94
2023-03-26 11:00:00,47.93,87.88,32.29,28.29,1.6,0.0,40713.63,4539.65
2023-03-26 12:00:00,45.5,86.98,37.01,28.36,1.5,0.0,37530.04,3849.19
2023-03-26 13:00:00,44.0,87.43,35.13,27.86,1.1,0.0,40757.35,4331.09
2023-03-26 14:00:00,49.38,89.53,36.51,26.82,0.9,0.0,18605.98,1108.54
2023-03-26 15:00:00,53.04,86.66,34.32,27.68,1.5,0.0,28773.59,1585.14
2023-03-26 16:00:00,59.19,87.56,29.19,29.69,0.6,0.0,22589.37,1378.91
2023-03-26 17:00:00,58.77,87.8,28.8,27.71,1.2,0.0,5194.65,115.12
2023-03-26 18:00:00,64.93,83.96,26.43,26.01,1.3,0.0,0.96,0.07
2023-03-26 19:00:00,76.13,75.79,27.78,26.72,0.5,0.0,1.48,292.57
2023-03-26 20:00:00,75.72,76.96,27.2,26.36,1.8,0.0,2.95,215.49
2023-03-26 21:00:00,72.96,82.93,22.34,21.52,1.0,0.0,2.94,227.5
2023-03-26 22:00:00,76.12,75.65,23.71,23.04,1.8,0.0,3.82,192.37
2023-03-26 23:00:00,70.59,82.67,22.69,21.74,1.3,0.0,1.83,284.11
2023-03-27 00:00:00,75.78,75.31,23.72,22.64,1.9,0.0,0.95,283.88
2023-03-27 01:00:00,72.8,84.12,22.7,21.45,0.5,0.0,0.48,267.05
2023-03-27 02:00:00,70.01,82.73,22.92,21.79,0.8,0.0,0.53,224.63
2023-03-27 03:00:00,70.06,84.78,23.38,22.21,1.9,0.0,0.28,238.67
2023-03-27 04:00:00,65.22,84.36,23.51,22.6,1.2,0.0,0.27,199.73
2023-03-27 05:00:00,67.93,84.4,23.73,22.5,1.8,0.0,8.7,181.06
2023-03-27 06:00:00,58.68,90.0,23.26,22.1,0.9,0.0,6778.96,362.34
2023-03-27 07:00:00,74.99,82.61,25.45,24.49,0.6,0.0,28519.61,2148.84
2023-03-27 08:00:00,62.82,81.88,28.35,27.77,1.9,0.0,15235.3,1379.46
2023-03-27 09:00:00,61.96,83.83,30.44,29.11,1.0,0.0,25895.65,1724.9
2023-03-27 10:00:00,62.58,83.79,31.27,27.91,0.9,0.0,22340.45,1978.38
2023-03-27 11:00:00,44.13,85.12,33.47,27.64,1.2,0.0,49639.52,4272.17
2023-03-27 12:00:00,43.18,89.72,35.26,28.36,1.5,0.0,56276.49,5715.65
2023-03-27 13:00:00,44.7,87.78,33.52,28.19,0.7,0.0,38474.17,3732.35
2023-03-27 14:00:00,43.51,88.2,33.61,27.22,1.1,0.0,15563.57,877.68
2023-03-27 15:00:00,45.86,88.23,33.12,28.88,1.6,0.0,26483.2,1324.18
2023-03-27 16:00:00,59.21,88.18,31.3,28.73,0.7,0.0,21248.49,1617.55
2023-03-27 17:00:00,59.21,88.5,27.78,27.24,1.9,0.0,5273.17,413.34
2023-03-27 18:00:00,55.7,87.35,26.84,26.14,1.4,0.0,1.21,0.05
2023-03-27 19:00:00,71.11,83.35,27.41,26.67,0.7,0.0,1.59,184.56
2023-03-27 20:00:00,76.79,75.0,28.18,27.15,1.4,0.0,0.11,259.4
2023-03-27 21:00:00,71.85,80.5,22.0,21.0,1.1,0.0,4.84,183.64
2023-03-27 22:00:00,68.66,82.52,22.36,21.7,0.6,0.0,3.35,261.28
2023-03-27 23:00:00,77.86,78.17,21.99,21.02,1.4,0.0,4.26,213.39
2023-03-28 00:00:00,71.0,83.7,21.78,21.01,1.4,0.0,0.37,198.79
2023-03-28 01:00:00,70.93,82.35,23.06,21.76,1.1,0.0,0.74,272.52
2023-03-28 02:00:00,77.05,76.42,23.36,22.47,1.2,0.0,0.26,205.64
2023-03-28 03:00:00,74.29,82.45,23.5,22.9,1.5,0.0,0.91,271.0
2023-03-28 04:00:00,72.93,83.27,21.89,21.32,2.0,0.0,0.99,263.14
2023-03-28 05:00:00,76.89,76.44,24.2,23.15,0.9,0.0,4.54,238.6
2023-03-28 06:00:00,57.12,89.2,23.28,22.56,0.6,0.0,21525.36,1160.71
2023-03-28 07:00:00,63.02,83.18,26.11,25.13,1.9,0.0,18612.42,1590.73
2023-03-28 08:00:00,58.68,86.94,27.2,25.93,0.8,0.0,9183.03,817.58
2023-03-28 09:00:00,67.69,83.66,30.57,29.99,1.4,0.0,19594.32,1912.62
2023-03-28 10:00:00,57.01,88.77,32.41,28.08,1.6,0.0,6060.56,383.43
2023-03-28 11:00:00,43.38,88.98,33.83,27.76,1.2,0.0,48046.62,4413.68
2023-03-28 12:00:00,46.12,89.36,31.78,28.6,1.1,0.0,51432.72,5676.13
2023-03-28 13:00:00,47.24,86.69,32.36,27.86,0.6,0.0,33075.48,3325.88
2023-03-28 14:00:00,48.91,90.0,34.83,27.52,0.9,0.0,22633.36,1549.57
2023-03-28 15:00:00,46.63,87.93,35.98,26.43,0.5,0.0,28993.87,2649.32
2023-03-28 16:00:00,62.41,83.21,29.64,27.58,0.5,0.0,25458.14,2182.18
2023-03-28 17:00:00,53.59,87.8,27.36,26.97,1.3,0.0,7308.58,550.04
2023-03-28 18:00:00,66.1,83.39,26.28,25.12,1.5,0.0,3.5,0.22
2023-03-28 19:00:00,73.37,81.6,28.69,28.29,0.7,0.0,4.32,191.11
2023-03-28 20:00:00,72.6,82.66,28.19,27.54,1.7,0.0,4.05,179.29
2023-03-28 21:00:00,76.6,77.05,24.13,23.69,1.1,0.0,1.79,200.34
2023-03-28 22:00:00,64.06,82.24,23.57,22.85,0.7,0.0,4.89,278.48
2023-03-28 23:00:00,74.86,84.84,24.05,23.68,1.9,0.0,3.54,259.06
2023-03-29 00:00:00,72.26,84.2,23.77,22.35,1.6,0.0,0.61,292.06
2023-03-29 01:00:00,68.65,82.31,23.27,22.46,1.6,0.0,0.55,207.08
2023-03-29 02:00:00,72.41,83.47,23.48,22.4,1.0,0.0,0.25,267.93
2023-03-29 03:00:00,76.15,75.1,22.12,21.48,1.5,0.0,0.76,207.65
2023-03-29 04:00:00,73.27,82.27,22.34,21.01,0.7,0.0,0.12,275.85
2023-03-29 05:00:00,66.67,85.06,22.71,22.15,1.0,0.0,1.1,255.55
2023-03-29 06:00:00,60.13,83.76,22.46,21.22,1.8,0.0,29256.43,2103.04
2023-03-29 07:00:00,53.83,88.11,25.58,24.94,0.6,0.0,10874.34,926.97
2023-03-29 08:00:00,58.42,89.32,28.56,27.62,0.9,0.0,25428.2,1966.15
2023-03-29 09:00:00,60.56,81.55,29.96,28.68,0.9,0.0,29175.88,1534.17
2023-03-29 10:00:00,58.75,87.28,32.86,28.41,0.8,0.0,17619.89,1513.95
2023-03-29 11:00:00,44.52,87.68,34.39,28.78,1.3,0.0,55879.21,4871.0
2023-03-29 12:00:00,42.56,86.41,34.45,27.72,1.1,0.0,54000.1,5513.86
2023-03-29 13:00:00,50.78,87.45,34.43,28.35,1.1,0.0,41896.61,3572.47
2023-03-29 14:00:00,43.43,89.44,36.64,27.94,1.0,0.0,27979.44,1618.99
2023-03-29 15:00:00,48.51,87.04,32.98,28.41,1.1,0.0,19646.82,1267.26
2023-03-29 16:00:00,62.05,83.26,28.67,26.69,0.8,0.0,28071.21,2347.74
2023-03-29 17:00:00,58.86,88.78,27.81,26.66,0.7,0.0,8983.41,314.67
2023-03-29 18:00:00,63.37,79.57,25.81,25.12,0.5,0.0,3.16,0.17
2023-03-29 19:00:00,74.2,82.51,27.69,26.82,1.3,0.0,4.18,285.91
2023-03-29 20:00:00,70.02,82.61,28.68,28.29,0.8,0.0,0.16,251.1
2023-03-29 21:00:00,74.34,82.44,22.77,22.19,2.0,0.0,0.35,232.33
2023-03-29 22:00:00,73.76,80.46,23.84,23.22,1.3,0.0,1.51,196.02
2023-03-29 23:00:00,76.81,76.37,22.63,22.29,0.6,0.0,1.83,243.19
2023-03-30 00:00:00,71.79,83.0,22.63,21.61,1.3,0.0,0.4,259.9
2023-03-30 01:00:00,74.93,83.81,22.89,22.07,0.6,0.0,0.46,160.25
2023-03-30 02:00:00,72.76,81.93,23.34,21.98,1.9,0.0,0.81,192.86
2023-03-30 03:00:00,76.93,75.1,22.79,21.93,0.7,0.0,0.49,252.82
2023-03-30 04:00:00,75.38,78.35,22.95,21.79,0.6,0.0,0.4,158.49
2023-03-30 05:00:00,78.96,76.52,21.82,21.0,1.4,0.0,4.37,291.67
2023-03-30 06:00:00,55.21,87.37,22.62,21.53,0.7,0.0,21043.36,1758.68
2023-03-30 07:00:00,61.91,81.84,27.01,25.73,0.9,0.0,20807.05,1247.37
2023-03-30 08:00:00,63.2,84.4,28.13,27.42,1.4,0.0,15458.35,1353.33
2023-03-30 09:00:00,54.84,89.16,29.7,28.34,0.8,0.0,7534.32,481.39
2023-03-30 10:00:00,57.85,84.46,31.51,27.63,1.4,0.0,11907.98,852.62
2023-03-30 11:00:00,50.81,87.91,31.67,27.84,1.4,0.0,59411.06,4913.3
2023-03-30 12:00:00,45.6,88.22,33.45,28.96,0.8,0.0,45561.03,3971.76
2023-03-30 13:00:00,42.8,90.0,32.78,27.98,1.0,0.0,59120.3,4997.57
2023-03-30 14:00:00,47.63,88.49,35.27,27.45,0.7,0.0,21054.02,1829.47
2023-03-30 15:00:00,49.0,87.58,34.77,29.15,0.7,0.0,25568.32,1818.84
2023-03-30 16:00:00,59.87,89.53,29.53,28.96,1.7,0.0,20197.86,1411.44
2023-03-30 17:00:00,55.9,89.86,27.65,27.1,1.7,0.0,6321.38,204.31
2023-03-30 18:00:00,53.77,87.8,26.09,24.96,1.0,0.0,2.47,0.09
2023-03-30 19:00:00,68.37,83.85,27.73,26.99,1.0,0.0,1.51,248.51
2023-03-30 20:00:00,70.43,83.54,27.53,27.12,1.4,0.0,4.85,240.55
2023-03-30 21:00:00,73.6,80.37,22.5,21.75,1.8,0.0,0.48,161.34
2023-03-30 22:00:00,72.19,83.04,24.0,23.13,1.3,0.0,4.76,194.59
2023-03-30 23:00:00,72.48,83.16,23.51,22.6,0.6,0.0,0.55,239.86
2023-03-31 00:00:00,84.66,77.56,24.39,22.5,0.7,0.0,0.66,247.28
2023-03-31 01:00:00,67.74,79.84,23.59,22.5,0.8,0.0,0.34,152.27
2023-03-31 02:00:00,70.68,80.62,23.79,22.5,1.4,0.0,0.97,187.63
2023-03-31 03:00:00,55.75,85.17,24.49,22.5,1.9,0.0,0.71,255.99
2023-03-31 04:00:00,64.56,83.03,23.47,22.5,1.9,0.0,0.65,196.94
2023-03-31 05:00:00,71.11,76.71,24.73,22.5,0.5,0.0,3.44,239.65
2023-03-31 06:00:00,58.49,82.97,25.67,22.5,0.7,0.0,26652.39,2594.26
2023-03-31 07:00:00,73.76,80.84,27.25,22.78,1.1,0.0,7647.65,441.59
2023-03-31 08:00:00,63.99,79.97,30.18,26.01,0.6,0.0,28618.41,2484.84
2023-03-31 09:00:00,67.08,83.84,28.2,23.32,1.6,0.0,27074.85,1628.05
2023-03-31 10:00:00,63.98,85.09,29.79,25.32,1.2,0.0,19689.65,1674.74
2023-03-31 11:00:00,88.52,84.79,29.52,24.85,1.9,0.0,50403.36,4855.16
2023-03-31 12:00:00,69.87,79.48,35.91,31.3,0.8,0.0,30461.85,3147.23
2023-03-31 13:00:00,59.42,81.07,34.14,28.71,1.8,0.0,37593.05,3684.5
2023-03-31 14:00:00,78.23,82.99,33.99,28.08,1.0,0.0,29363.72,2054.04
2023-03-31 15:00:00,57.79,84.93,32.86,28.59,2.0,0.0,27597.02,1640.01
2023-03-31 16:00:00,72.09,80.56,33.54,28.65,1.8,0.0,25086.91,2479.85
2023-03-31 17:00:00,50.4,81.44,31.82,26.48,0.9,0.0,5509.47,112.94
2023-03-31 18:00:00,56.72,78.68,28.7,23.45,0.8,0.0,2.22,0.06
2023-03-31 19:00:00,71.97,78.41,28.87,25.06,1.5,0.0,3.77,287.18
2023-03-31 20:00:00,77.38,84.44,25.82,22.5,1.8,0.0,2.23,188.81
2023-03-31 21:00:00,71.71,86.07,25.47,22.5,0.7,0.0,2.23,258.52
2023-03-31 22:00:00,68.84,81.78,25.25,22.5,0.7,0.0,0.14,238.42
2023-03-31 23:00:00,66.99,85.01,24.56,22.5,0.7,0.0,3.11,245.65
